Workbook

Sheet Sheet1
B1: bitcoin | C1: doge | D1: dash | E1: eth | F1: sol | G1: unicoin | H1: returns | I1: bitcoin | J1: doge | K1: dash | L1: eth | M1: sol | N1: unicoin | O1: beta 1 | P1: bitcoin | Q1: doge | R1: dash | S1: eth | T1: sol | U1: unicoin
A2: 2025-09-28 00:00:00 UTC | B2: 112179.4 | C2: 0.23714778 | D2: 21.288902 | E2: 4139.6757 | F2: 210.7475 | G2: 7.7523968 | I2: =LN(B2/B3) -> -0.018964897 | J2: =LN(C2/C3) -> 0.0090099422 | K2: =LN(D2/D3) -> -0.063768334 | L2: =LN(E2/E3) -> -0.017913103 | M2: =LN(F2/F3) -> -0.010273147 | N2: =LN(G2/G3) -> 0.0012556664 | Q2: =SLOPE(J2:J365,$I$2:$I$365) -> 1.279936 | R2: =SLOPE(K2:K365,$I$2:$I$365) -> 1.3924301 | S2: =SLOPE(L2:L365,$I$2:$I$365) -> 1.2809228 | T2: =SLOPE(M2:M365,$I$2:$I$365) -> 1.3096421 | U2: =SLOPE(N2:N365,$I$2:$I$365) -> 1.3322632
A3: 2025-09-29 00:00:00 UTC | B3: 114327.17 | C3: 0.23502068 | D3: 22.690679 | E3: 4214.4983 | F3: 212.9237 | G3: 7.7426685 | I3: =LN(B3/B4) -> 0.002098443 | J3: =LN(C3/C4) -> 0.0083500115 | K3: =LN(D3/D4) -> 0.012424171 | L3: =LN(E3/E4) -> 0.016069138 | M3: =LN(F3/F4) -> 0.019279363 | N3: =LN(G3/G4) -> 0.01398615 | O3: alphas | Q3: =INTERCEPT(J2:J365,$I$2:$I$365) -> 0.00146158 | R3: =INTERCEPT(K2:K365,$I$2:$I$365) -> -0.0042938007 | S3: =INTERCEPT(L2:L365,$I$2:$I$365) -> 0.00018755248 | T3: =INTERCEPT(M2:M365,$I$2:$I$365) -> 0.00048111395 | U3: =INTERCEPT(N2:N365,$I$2:$I$365) -> -0.0016478226
A4: 2025-09-30 00:00:00 UTC | B4: 114087.51 | C4: 0.23306643 | D4: 22.41051 | E4: 4147.3162 | F4: 208.85798 | G4: 7.6351321 | I4: =LN(B4/B5) -> -0.041577297 | J4: =LN(C4/C5) -> -0.066354641 | K4: =LN(D4/D5) -> -0.33549801 | L4: =LN(E4/E5) -> -0.048720527 | M4: =LN(F4/F5) -> -0.060472631 | N4: =LN(G4/G5) -> -0.055171241 | O4: R^2 | Q4: =RSQ(J2:J365,$I$2:$I$365) -> 0.6250939 | R4: =RSQ(K2:K365,$I$2:$I$365) -> 0.18584666 | S4: =RSQ(L2:L365,$I$2:$I$365) -> 0.81726146 | T4: =RSQ(M2:M365,$I$2:$I$365) -> 0.75090557 | U4: =RSQ(N2:N365,$I$2:$I$365) -> 0.35247701
A5: 2025-10-01 00:00:00 UTC | B5: 118930.96 | C5: 0.2490561 | D5: 31.344163 | E5: 4354.3788 | F5: 221.87788 | G5: 8.0682086 | I5: =LN(B5/B6) -> -0.013227608 | J5: =LN(C5/C6) -> -0.049922706 | K5: =LN(D5/D6) -> -0.040989997 | L5: =LN(E5/E6) -> -0.029373782 | M5: =LN(F5/F6) -> -0.056538778 | N5: =LN(G5/G6) -> -0.035179136
A6: 2025-10-02 00:00:00 UTC | B6: 120514.58 | C6: 0.26180524 | D6: 32.655656 | E6: 4484.1804 | F6: 234.784 | G6: 8.3570928 | I6: =LN(B6/B7) -> -0.014664817 | J6: =LN(C6/C7) -> 0.012585428 | K6: =LN(D6/D7) -> 0.031316536 | L6: =LN(E6/E7) -> -0.0066608701 | M6: =LN(F6/F7) -> 0.0074387629 | N6: =LN(G6/G7) -> 0.020776351
A7: 2025-10-03 00:00:00 UTC | B7: 122294.92 | C7: 0.25853096 | D7: 31.648841 | E7: 4514.1486 | F7: 233.04397 | G7: 8.1852542 | I7: =LN(B7/B8) -> -0.0010948361 | J7: =LN(C7/C8) -> 0.029650828 | K7: =LN(D7/D8) -> -0.080495537 | L7: =LN(E7/E8) -> 0.0056305459 | M7: =LN(F7/F8) -> 0.02183984 | N7: =LN(G7/G8) -> 0.019863044
A8: 2025-10-04 00:00:00 UTC | B8: 122428.89 | C8: 0.25097783 | D8: 34.301774 | E8: 4488.8029 | F8: 228.00951 | G8: 8.0242742 | I8: =LN(B8/B9) -> -0.0086195249 | J8: =LN(C8/C9) -> -0.0071383459 | K8: =LN(D8/D9) -> -0.030845209 | L8: =LN(E8/E9) -> -0.0054447864 | M8: =LN(F8/F9) -> -0.0022199253 | N8: =LN(G8/G9) -> -0.0039349061
A9: 2025-10-05 00:00:00 UTC | B9: 123488.73 | C9: 0.25277581 | D9: 35.376306 | E9: 4513.3101 | F9: 228.51623 | G9: 8.0559112 | I9: =LN(B9/B10) -> -0.010080153 | J9: =LN(C9/C10) -> -0.054046606 | K9: =LN(D9/D10) -> 0.025495216 | L9: =LN(E9/E10) -> -0.038580372 | M9: =LN(F9/F10) -> -0.017856652 | N9: =LN(G9/G10) -> -0.038626824
A10: 2025-10-06 00:00:00 UTC | B10: 124739.81 | C10: 0.26681341 | D10: 34.48578 | E10: 4690.8379 | F10: 232.63342 | G10: 8.3731734 | I10: =LN(B10/B11) -> 0.026619393 | J10: =LN(C10/C11) -> 0.07608064 | K10: =LN(D10/D11) -> 0.14106789 | L10: =LN(E10/E11) -> 0.051857756 | M10: =LN(F10/F11) -> 0.054067175 | N10: =LN(G10/G11) -> 0.074726192
A11: 2025-10-07 00:00:00 UTC | B11: 121463.12 | C11: 0.24726705 | D11: 29.948498 | E11: 4453.7813 | F11: 220.38956 | G11: 7.7702844 | I11: =LN(B11/B12) -> -0.015358306 | J11: =LN(C11/C12) -> -0.033221629 | K11: =LN(D11/D12) -> -0.098941258 | L11: =LN(E11/E12) -> -0.016098809 | M11: =LN(F11/F12) -> -0.038725309 | N11: =LN(G11/G12) -> -0.038539888
A12: 2025-10-08 00:00:00 UTC | B12: 123342.98 | C12: 0.25561964 | D12: 33.063185 | E12: 4526.0621 | F12: 229.09163 | G12: 8.0755958 | I12: =LN(B12/B13) -> 0.01325659 | J12: =LN(C12/C13) -> 0.028008247 | K12: =LN(D12/D13) -> -0.061685884 | L12: =LN(E12/E13) -> 0.035450967 | M12: =LN(F12/F13) -> 0.036170349 | N12: =LN(G12/G13) -> 0.02709095
A13: 2025-10-09 00:00:00 UTC | B13: 121718.67 | C13: 0.24855951 | D13: 35.166936 | E13: 4368.4196 | F13: 220.95337 | G13: 7.8597571 | I13: =LN(B13/B14) -> 0.073938122 | J13: =LN(C13/C14) -> 0.24926233 | K13: =LN(D13/D14) -> -0.070535771 | L13: =LN(E13/E14) -> 0.12849317 | M13: =LN(F13/F14) -> 0.15730237 | N13: =LN(G13/G14) -> 0.30152585
A14: 2025-10-10 00:00:00 UTC | B14: 113043.68 | C14: 0.19372119 | D14: 37.737039 | E14: 3841.6737 | F14: 188.79265 | G14: 5.8137735 | I14: =LN(B14/B15) -> 0.021354565 | J14: =LN(C14/C15) -> 0.044291701 | K14: =LN(D14/D15) -> -0.045639925 | L14: =LN(E14/E15) -> 0.024830637 | M14: =LN(F14/F15) -> 0.058953943 | N14: =LN(G14/G15) -> -0.0075637025
A15: 2025-10-11 00:00:00 UTC | B15: 110655.27 | C15: 0.18532819 | D15: 39.499263 | E15: 3747.457 | F15: 177.98431 | G15: 5.8579139 | I15: =LN(B15/B16) -> -0.039041725 | J15: =LN(C15/C16) -> -0.11291611 | K15: =LN(D15/D16) -> -0.30130547 | L15: =LN(E15/E16) -> -0.10249312 | M15: =LN(F15/F16) -> -0.10259745 | N15: =LN(G15/G16) -> -0.12312795
A16: 2025-10-12 00:00:00 UTC | B16: 115060.88 | C16: 0.20748196 | D16: 53.388079 | E16: 4151.9189 | F16: 197.21467 | G16: 6.6254712 | I16: =LN(B16/B17) -> -0.0014390721 | J16: =LN(C16/C17) -> -0.031262731 | K16: =LN(D16/D17) -> 0.048274227 | L16: =LN(E16/E17) -> -0.022276529 | M16: =LN(F16/F17) -> -0.056156091 | N16: =LN(G16/G17) -> -0.063639852
... A365: 2026-09-26 00:00:00 UTC | B365: 84416.715 | C365: 0.096730379 | D365: 71.836559 | E365: 2695.6048 | F365: 121.3788 | G365: 9.7011217 | I365: =LN(B365/B366) -> -0.00037941648 | J365: =LN(C365/C366) -> -0.0012972279 | K365: =LN(D365/D366) -> 0.048650989 | L365: =LN(E365/E366) -> 0.0029980847 | M365: =LN(F365/F366) -> -0.0047402028 | N365: =LN(G365/G366) -> 0.0027342221
A366: 2026-09-27 00:00:00 UTC | B366: 84448.75 | C366: 0.096855942 | D366: 68.425293 | E366: 2687.5353 | F366: 121.95553 | G366: 9.6746329
A367: 2026-09-28 00:00:00 UTC

Sheet doge
C1: doge
B2: market status | C2: bullish | D2: sideways | E2: bearish | F2: tot
C3: =COUNTIF(Sheet1!$J$2:$J$365,">0.02") -> 95 | D3: =COUNTIFS(Sheet1!$J$2:$J$365,"<=0.02",Sheet1!$J$2:$J$365,">=-.02")-1 -> 196 | E3: =COUNTIF(Sheet1!$J$2:$J$365,"<-0.02") -> 72 | F3: =SUM(C3,D3,E3) -> 363
B4: P() | C4: =C3/$F$3 -> 0.26170799 | D4: =D3/$F$3 -> 0.5399449 | E4: =E3/$F$3 -> 0.19834711
C6: bull | D6: side | E6: bear
B7: markov chain | C7: estado mañana
A8: bull | B8: estado hoy | C8: =COUNTIFS(Sheet1!$J$2:$J$364,">.02",Sheet1!$J$3:$J$365,">.02")/C3 -> 0.28421053 | D8: =COUNTIFS(Sheet1!$J$2:$J$364,">.02",Sheet1!$J$3:$J$365,">-.02",Sheet1!$J$3:$J$365,"<0.02")/C3 -> 0.49473684 | E8: =COUNTIFS(Sheet1!$J$2:$J$364,">.02",Sheet1!$J$3:$J$365,"<-.02")/C3 -> 0.22105263 | F8: =SUM(C8:E8) -> 1
A9: side | C9: =COUNTIFS(Sheet1!$J$2:$J$364,"<=0.02",Sheet1!$J$2:$J$364,">=-.02",Sheet1!$J$3:$J$365,">.02")/D3 -> 0.23979592 | D9: =COUNTIFS(Sheet1!$J$2:$J$364,"<=0.02",Sheet1!$J$2:$J$364,">=-.02",Sheet1!$J$3:$J$365,"<=.02",Sheet1!$J$3:$J$365,">=-.02")/D3 -> 0.59693878 | E9: =COUNTIFS(Sheet1!$J$2:$J$364,"<=0.02",Sheet1!$J$2:$J$364,">=-.02",Sheet1!$J$3:$J$365,"<-.02")/D3 -> 0.16326531 | F9: =SUM(C9:E9) -> 1
A10: bear | C10: =COUNTIFS(Sheet1!$J$2:$J$364,"<-.02",Sheet1!$J$3:$J$365,">.02")/E3 -> 0.29166667 | D10: =COUNTIFS(Sheet1!$J$2:$J$364,"<-.02",Sheet1!$J$3:$J$365,"<.02",Sheet1!$J$3:$J$365,">-.02")/E3 -> 0.44444444 | E10: =COUNTIFS(Sheet1!$J$2:$J$364,"<-.02",Sheet1!$J$3:$J$365,"<-.02")/E3 -> 0.26388889 | F10: =SUM(C10:E10) -> 1

Sheet Uni-usd-max
A1: event_date | B1: close_price_usd | C1: market_cap_usd | D1: volume_usd
A2: 2020-09-17 00:00:00 UTC | B2: 3.5019578 | C2: 0 | D2: 415572.01
A3: 2020-09-18 00:00:00 UTC | B3: 6.9365814 | C3: 2.2384337e+08 | D3: 1.8254514e+09
A4: 2020-09-19 00:00:00 UTC | B4: 5.7562384 | C4: 7.3282206e+08 | D4: 5.5140168e+09
A5: 2020-09-20 00:00:00 UTC | B5: 5.2302484 | C5: 6.4720842e+08 | D5: 2.0670924e+09
A6: 2020-09-21 00:00:00 UTC | B6: 4.2808808 | C6: 6.1764635e+08 | D6: 1.3090684e+09
A7: 2020-09-22 00:00:00 UTC | B7: 3.9004596 | C7: 5.2652059e+08 | D7: 1.0706048e+09
A8: 2020-09-23 00:00:00 UTC | B8: 4.3414359 | C8: 4.8718636e+08 | D8: 6.9559091e+08
A9: 2020-09-24 00:00:00 UTC | B9: 5.1636386 | C9: 5.584493e+08 | D9: 9.7689254e+08
A10: 2020-09-25 00:00:00 UTC | B10: 4.9121268 | C10: 6.7415213e+08 | D10: 8.3784846e+08
A11: 2020-09-26 00:00:00 UTC | B11: 4.8662748 | C11: 6.4685308e+08 | D11: 6.2034768e+08
A12: 2020-09-27 00:00:00 UTC | B12: 4.88331 | C12: 6.9112537e+08 | D12: 3.3875241e+08
A13: 2020-09-28 00:00:00 UTC | B13: 4.2416861 | C13: 6.8940223e+08 | D13: 3.4485205e+08
... A2203: 2026-09-27 00:00:00 UTC | B2203: 9.6746329 | C2203: 6.0198799e+09 | D2203: 5.9008013e+08
A2204: 2026-09-28 00:00:00 UTC | C2204: 6.0027849e+09 | D2204: 6.8886461e+08

Sheet sol-usd-max
A1: event_date | B1: close_price_usd | C1: market_cap_usd | D1: volume_usd
A2: 2020-04-10 00:00:00 UTC | B2: 0.95451413 | C2: 0 | D2: 0
A3: 2020-04-11 00:00:00 UTC | B3: 0.78626678 | C3: 7660846.6 | D3: 93301995
A4: 2020-04-12 00:00:00 UTC | B4: 0.85642137 | C4: 6277690.5 | D4: 49556727
A5: 2020-04-13 00:00:00 UTC | B5: 0.79102965 | C5: 7007955.3 | D5: 37870404
A6: 2020-04-14 00:00:00 UTC | B6: 0.65962088 | C6: 6293697.6 | D6: 19325140
A7: 2020-04-15 00:00:00 UTC | B7: 0.63057428 | C7: 5333387.1 | D7: 17849052
A8: 2020-04-16 00:00:00 UTC | B8: 0.69434208 | C8: 5100968.5 | D8: 13247828
A9: 2020-04-17 00:00:00 UTC | B9: 0.65674733 | C9: 5554736.6 | D9: 23199859
A10: 2020-04-18 00:00:00 UTC | B10: 0.67725629 | C10: 5253978.7 | D10: 10216114
A11: 2020-04-19 00:00:00 UTC | B11: 0.60837095 | C11: 5415777.5 | D11: 10203887
A12: 2020-04-20 00:00:00 UTC | B12: 0.53003037 | C12: 4844617.2 | D12: 9793448.8
A13: 2020-04-21 00:00:00 UTC | B13: 0.57284764 | C13: 4278324 | D13: 8710613.1
... A2363: 2026-09-27 00:00:00 UTC | B2363: 121.95553 | C2363: 7.1335814e+10 | D2363: 2.9564177e+09
A2364: 2026-09-28 00:00:00 UTC | C2364: 7.1683337e+10 | D2364: 3.956772e+09

Sheet eth-usd-max
A1: event_date | B1: close_price_usd | C1: market_cap_usd | D1: volume_usd
A2: 2015-08-07 00:00:00 UTC | B2: 1.33075 | C2: 0 | D2: 90622
A3: 2015-08-08 00:00:00 UTC | B3: 0.68758571 | C3: 80339475 | D3: 368070
A4: 2015-08-10 00:00:00 UTC | B4: 1.0673789 | C4: 41556309 | D4: 400464.07
A5: 2015-08-11 00:00:00 UTC | B5: 1.2566132 | C5: 64539006 | D5: 1518998.2
A6: 2015-08-12 00:00:00 UTC | B6: 1.8253954 | C6: 76013261 | D6: 2073893.3
A7: 2015-08-13 00:00:00 UTC | B7: 1.8259749 | C7: 1.1046884e+08 | D7: 4380142.7
A8: 2015-08-14 00:00:00 UTC | B8: 1.6709497 | C8: 1.1055531e+08 | D8: 4355618.4
A9: 2015-08-15 00:00:00 UTC | B9: 1.4766073 | C9: 1.0121525e+08 | D9: 2519633.3
A10: 2015-08-16 00:00:00 UTC | B10: 1.2038714 | C10: 89480939 | D10: 3032657.7
A11: 2015-08-17 00:00:00 UTC | B11: 1.2813931 | C11: 87313388 | D11: 1880092.2
A12: 2015-08-18 00:00:00 UTC | B12: 1.2527387 | C12: 92957858 | D12: 1696013.5
A13: 2015-08-19 00:00:00 UTC | B13: 1.4841951 | C13: 90920696 | D13: 1537200.8
... A4070: 2026-09-27 00:00:00 UTC | B4070: 2687.5353 | C4070: 3.2908417e+11 | D4070: 5.8518632e+09
A4071: 2026-09-28 00:00:00 UTC | C4071: 3.2810688e+11 | D4071: 8.8334494e+09

Sheet dash-usd-max
A1: event_date | B1: close_price_usd | C1: market_cap_usd | D1: volume_usd
A2: 2014-02-14 00:00:00 UTC | B2: 0.317768 | C2: 702537 | D2: 7485
A3: 2014-02-15 00:00:00 UTC | B3: 0.5614 | C3: 1054626 | D3: 21466
A4: 2014-02-17 00:00:00 UTC | B4: 1.11472 | C4: 1882753 | D4: 58209
A5: 2014-02-18 00:00:00 UTC | B5: 0.907017 | C5: 3766068 | D5: 185870
A6: 2014-02-19 00:00:00 UTC | B6: 1.06836 | C6: 3038521 | D6: 69585
A7: 2014-02-20 00:00:00 UTC | B7: 1.07025 | C7: 3638632 | D7: 93135
A8: 2014-02-21 00:00:00 UTC | B8: 1.07757 | C8: 3659097 | D8: 82530
A9: 2014-02-22 00:00:00 UTC | B9: 1.13523 | C9: 3698161 | D9: 95555
A10: 2014-02-23 00:00:00 UTC | B10: 0.578474 | C10: 3910531 | D10: 119208
A11: 2014-02-25 00:00:00 UTC | B11: 0.576269 | C11: 2001131 | D11: 100678
A12: 2014-02-26 00:00:00 UTC | B12: 0.627941 | C12: 2001459 | D12: 61934
A13: 2014-02-27 00:00:00 UTC | B13: 0.552027 | C13: 2189013 | D13: 41632
... A4607: 2026-09-27 00:00:00 UTC | B4607: 68.425293 | C4607: 9.227664e+08 | D4607: 2.8694155e+08
A4608: 2026-09-28 00:00:00 UTC | C4608: 8.7895381e+08 | D4608: 2.0101064e+08

Sheet doge-usd-max
A1: event_date | B1: close_price_usd | C1: market_cap_usd | D1: volume_usd
A2: 2013-12-15 00:00:00 UTC | B2: 0.000218176 | C2: 3488670 | D2: 0
A3: 2013-12-17 00:00:00 UTC | B3: 0.000267749 | C3: 1619159 | D3: 0
A4: 2013-12-18 00:00:00 UTC | B4: 0.000475099 | C4: 2191987 | D4: 0
A5: 2013-12-19 00:00:00 UTC | B5: 0.000988898 | C5: 4299422 | D5: 0
A6: 2013-12-20 00:00:00 UTC | B6: 0.000437897 | C6: 9866232 | D6: 0
A7: 2013-12-21 00:00:00 UTC | B7: 0.00040512 | C7: 4686300 | D7: 0
A8: 2013-12-22 00:00:00 UTC | B8: 0.000329784 | C8: 4639566 | D8: 0
A9: 2013-12-23 00:00:00 UTC | B9: 0.000711694 | C9: 4022744 | D9: 0
A10: 2013-12-24 00:00:00 UTC | B10: 0.000581665 | C10: 9213651 | D10: 0
A11: 2013-12-25 00:00:00 UTC | B11: 0.000557068 | C11: 7955874 | D11: 0
A12: 2013-12-26 00:00:00 UTC | B12: 0.000543996 | C12: 8014774 | D12: 0
A13: 2013-12-27 00:00:00 UTC | B13: 0.000532584 | C13: 8200082 | D13: 408643
... A4668: 2026-09-27 00:00:00 UTC | B4668: 0.096855942 | C4668: 1.5097825e+10 | D4668: 6.6908933e+08
A4669: 2026-09-28 00:00:00 UTC | C4669: 1.5118717e+10 | D4669: 8.0870323e+08

Sheet btc-usd-max
A1: event_date | B1: close_price_usd | C1: market_cap_usd | D1: volume_usd
A2: 2013-04-28 00:00:00 UTC | B2: 141.96 | C2: 1500517590 | D2: 0
A3: 2013-04-29 00:00:00 UTC | B3: 135.3 | C3: 1575032004 | D3: 0
A4: 2013-04-30 00:00:00 UTC | B4: 117 | C4: 1501657493 | D4: 0
A5: 2013-05-01 00:00:00 UTC | B5: 103.43 | C5: 1298951550 | D5: 0
A6: 2013-05-02 00:00:00 UTC | B6: 91.01 | C6: 1148667722 | D6: 0
A7: 2013-05-03 00:00:00 UTC | B7: 111.25 | C7: 1011066494 | D7: 0
A8: 2013-05-04 00:00:00 UTC | B8: 116.79 | C8: 1236351844 | D8: 0
A9: 2013-05-05 00:00:00 UTC | B9: 118.33 | C9: 1298377788 | D9: 0
A10: 2013-05-06 00:00:00 UTC | B10: 106.4 | C10: 1315992304 | D10: 0
A11: 2013-05-07 00:00:00 UTC | B11: 112.64 | C11: 1183766500 | D11: 0
A12: 2013-05-08 00:00:00 UTC | B12: 113 | C12: 1253655040 | D12: 0
A13: 2013-05-09 00:00:00 UTC | B13: 118.78 | C13: 1258130700 | D13: 0
... A4902: 2026-09-27 00:00:00 UTC | B4902: 84448.75 | C4902: 1.6959167e+12 | D4902: 18033182350
A4903: 2026-09-28 00:00:00 UTC | C4903: 1.6965994e+12 | D4903: 21929060308
